{"cameraMode":{"drawMode":0,"name":"Shaded","section":"Shading Mode"},"sceneLighting":false,"audioPlay":false,"sceneViewState":{"showFog":true,"showMaterialUpdate":false,"showSkybox":true,"showFlares":true,"showImageEffects":true,"showParticleSystems":true},"in2DMode":false,"pivot":{"x":-1.3634428977966309,"y":1.8071298599243165,"z":0.11412239074707031},"rotation":{"x":-0.00264632236212492,"y":-0.9952743053436279,"z":0.09282829612493515,"w":-0.028372999280691148},"size":12.468048095703125,"orthographic":false}